[{"name":"Australind","address":"Unit 1, 11 The Promenade, Australind Western Australia 6233","postcode":6233,"size":1200,"state":"WA","member_count":13,"member_ratio":92.3076923076923,"percentage":0},{"name":"Balcatta","address":"2/39 Erindale Road, Balcatta WA 6021","postcode":6021,"size":1180,"state":"WA","member_count":14,"member_ratio":84.28571428571429,"percentage":0},{"name":"Banksia Grove","address":"7 Honeybee Parade Banksia Grove WA 6031","postcode":6031,"size":1100,"state":"WA","member_count":10,"member_ratio":110,"percentage":0},{"name":"Belmont","address":"Lot 7, 227 Belmont Avenue Cloverdale WA 6105","postcode":6105,"size":1050,"state":"WA","member_count":26,"member_ratio":40.38461538461539,"percentage":32.692307692307686},{"name":"Bunbury","address":"27 Spencer Street, Bunbury WA 6230","postcode":6230,"size":1580,"state":"WA","member_count":14,"member_ratio":112.85714285714286,"percentage":0},{"name":"Butler","address":"160 Butler Boulevard, Butler WA 6036","postcode":6036,"size":1430,"state":"WA","member_count":17,"member_ratio":84.11764705882354,"percentage":0},{"name":"Canning Vale","address":"888 Nicholson Rd, Canning Vale WA 6155","postcode":6155,"size":2000,"state":"WA","member_count":65,"member_ratio":30.76923076923077,"percentage":48.71794871794871},{"name":"Cannington","address":"Rooftop Entry off Grose Avenue, Westfield Carousel, 1382 Albany Hwy, Cannington WA 6107","postcode":6107,"size":2700,"state":"WA","member_count":55,"member_ratio":49.09090909090909,"percentage":18.181818181818176},{"name":"Claremont","address":"3 Davies Road, Claremont WA, 6010","postcode":6010,"size":1370,"state":"WA","member_count":29,"member_ratio":47.241379310344826,"percentage":21.264367816091955},{"name":"Clarkson","address":"19 Neerabup Rd, Clarkson WA 6030","postcode":6030,"size":1000,"state":"WA","member_count":19,"member_ratio":52.63157894736842,"percentage":12.28070175438597},{"name":"Cockburn","address":"4/660 Beeliar Drive, Cockburn","postcode":6164,"size":1000,"state":"WA","member_count":21,"member_ratio":47.61904761904762,"percentage":20.63492063492063},{"name":"Ellenbrook","address":"Tenancy 1, 186 The Promenade, Ellenbrook WA 6069","postcode":6069,"size":1760,"state":"WA","member_count":32,"member_ratio":55,"percentage":8.333333333333337},{"name":"Girrawheen","address":"Shop 6M Hawaiian's Newpark Shopping Centre, 64 Marangaroo Dr, Girrawheen 6064","postcode":6064,"size":1360,"state":"WA","member_count":45,"member_ratio":30.22222222222222,"percentage":49.62962962962963},{"name":"Innaloo","address":"37 Ellen Stirling Blvd, Innaloo WA 6018","postcode":6018,"size":1767,"state":"WA","member_count":23,"member_ratio":76.82608695652173,"percentage":0},{"name":"Joondalup","address":"70/75 Joondalup Drive, Joondalup WA 6027","postcode":6027,"size":1990,"state":"WA","member_count":23,"member_ratio":86.52173913043478,"percentage":0},{"name":"Kelmscott","address":"2 Page Rd, Kelmscott WA 6111","postcode":6111,"size":760,"state":"WA","member_count":22,"member_ratio":34.54545454545455,"percentage":42.42424242424242},{"name":"Kwinana","address":"Kwinana Supa Centre 46 Meares Avenue, Kwinana Town Centre, WA 6167","postcode":6167,"size":1350,"state":"WA","member_count":21,"member_ratio":64.28571428571429,"percentage":0},{"name":"Malaga","address":"Units 5-6/637 Marshall Road, Malaga 6090","postcode":6090,"size":2000,"state":"WA","member_count":59,"member_ratio":33.898305084745765,"percentage":43.50282485875706},{"name":"Mandurah","address":"105 Reserve Drive Mandurah WA 6210","postcode":6210,"size":2260,"state":"WA","member_count":21,"member_ratio":107.61904761904762,"percentage":0},{"name":"Midland","address":"4 Clayton St, Midland, 6056","postcode":6056,"size":1410,"state":"WA","member_count":12,"member_ratio":117.5,"percentage":0},{"name":"Mirrabooka","address":"15 Chesterfield Rd, Mirrabooka WA 6061","postcode":6061,"size":2400,"state":"WA","member_count":43,"member_ratio":55.81395348837209,"percentage":6.976744186046513},{"name":"Morley","address":"Shop 10, Morley Gateway Shopping Centre, 60 Russell Street, Morley WA 6062","postcode":6062,"size":1800,"state":"WA","member_count":39,"member_ratio":46.15384615384615,"percentage":23.076923076923073},{"name":"Mount Hawthorn","address":"363 Oxford St, Mount Hawthorn, 6016","postcode":6016,"size":875,"state":"WA","member_count":21,"member_ratio":41.666666666666664,"percentage":30.555555555555557},{"name":"Myaree","address":"101 North Lake Road, Myaree WA, 6154","postcode":6154,"size":1550,"state":"WA","member_count":33,"member_ratio":46.96969696969697,"percentage":21.717171717171723},{"name":"North Beach","address":"1 North Beach Road, North Beach WA 6020","postcode":6020,"size":1025,"state":"WA","member_count":13,"member_ratio":78.84615384615384,"percentage":0},{"name":"Northbridge","address":"63 John St, Northbridge WA, 6003","postcode":6003,"size":865,"state":"WA","member_count":16,"member_ratio":54.0625,"percentage":9.895833333333337},{"name":"OConnor","address":"5 Stockdale Rd, O’Connor WA 6163","postcode":6163,"size":1480,"state":"WA","member_count":21,"member_ratio":70.47619047619048,"percentage":0},{"name":"Rivervale","address":"1/93 Francisco Street, Rivervale WA 6103","postcode":6103,"size":1800,"state":"WA","member_count":62,"member_ratio":29.032258064516128,"percentage":51.61290322580645},{"name":"Rockingham","address":"Shop G109B, Rockingham Shopping Centre, 1 Council Ave, Rockingham WA 6168","postcode":6168,"size":2400,"state":"WA","member_count":35,"member_ratio":68.57142857142857,"percentage":0},{"name":"Scarborough","address":"241 West Coast Highway, Scarborough WA, 6019","postcode":6019,"size":2000,"state":"WA","member_count":14,"member_ratio":142.85714285714286,"percentage":0},{"name":"Victoria Park","address":"341 Albany Hwy, Victoria Park WA 6100","postcode":6100,"size":1100,"state":"WA","member_count":25,"member_ratio":44,"percentage":26.66666666666667},{"name":"Wanneroo","address":"50 Mowatt Close, Wanneroo, WA 6065","postcode":6065,"size":2000,"state":"WA","member_count":23,"member_ratio":86.95652173913044,"percentage":0},{"name":"Warwick","address":"Shop MM003 Warwick Grove Shopping Centre, Cnr Beach & Erindale Rd, Warwick WA 6024","postcode":6024,"size":1160,"state":"WA","member_count":30,"member_ratio":38.666666666666664,"percentage":35.555555555555564},{"name":"Woodbridge","address":"380 Great Eastern Highway, Woodbridge WA 6056","postcode":6056,"size":900,"state":"WA","member_count":18,"member_ratio":50,"percentage":16.666666666666664},{"name":"Ballarat","address":"Level 1, 1-15 Bridge Mall, Ballarat VIC 3350","postcode":3350,"size":1500,"state":"VIC","member_count":1,"member_ratio":1500,"percentage":0},{"name":"Braybrook","address":"2/330 Ballarat Rd, Braybrook VIC 3019","postcode":3019,"size":1570,"state":"VIC","member_count":4,"member_ratio":392.5,"percentage":0},{"name":"Cranbourne","address":"18/350 - 398 South Gippsland Hwy, Cranbourne VIC 3977","postcode":3977,"size":1700,"state":"VIC","member_count":9,"member_ratio":188.88888888888889,"percentage":0},{"name":"Epping","address":"20 Jovic Road Epping VIC 3076","postcode":3076,"size":1635,"state":"VIC","member_count":4,"member_ratio":408.75,"percentage":0},{"name":"Frankston","address":"Level Two, Shop O0001 Bayside Centre, 28 Beach St, Frankston VIC 3199","postcode":3199,"size":2700,"state":"VIC","member_count":2,"member_ratio":1350,"percentage":0},{"name":"Hoppers Crossing","address":"Tenancy 2/57-69 Forsyth Rd, Hoppers Crossing VIC 3029","postcode":3029,"size":1900,"state":"VIC","member_count":11,"member_ratio":172.72727272727272,"percentage":0},{"name":"Knoxfield","address":"Tenancy 6, 1464 Ferntree Gully Rd, Knoxfield 3180","postcode":3180,"size":1180,"state":"VIC","member_count":7,"member_ratio":168.57142857142858,"percentage":0},{"name":"Langwarrin","address":"Shop MM01, The Gateway, 230 Cranbourne-Frankston Rd, Langwarrin VIC 3910","postcode":3910,"size":1500,"state":"VIC","member_count":1,"member_ratio":1500,"percentage":0},{"name":"Moorabbin Airport","address":"Kingston Central Plaza, 6A / 288 Centre Dandenong Rd, Moorabbin Airport VIC 3194","postcode":3194,"size":1930,"state":"VIC","member_count":2,"member_ratio":965,"percentage":0},{"name":"Narre Warren","address":"Westfield Fountain Gate Shop 6, 8 Overland Dr, Narre Warren VIC 3805","postcode":3805,"size":1000,"state":"VIC","member_count":7,"member_ratio":142.85714285714286,"percentage":0},{"name":"Noble Park","address":"Unit 5, 450 Princes Highway, Noble Park 3174","postcode":3174,"size":1600,"state":"VIC","member_count":8,"member_ratio":200,"percentage":0},{"name":"Nunawading","address":"MM001 288 Whitehorse Rd, Nunawading VIC 3131","postcode":3131,"size":2500,"state":"VIC","member_count":5,"member_ratio":500,"percentage":0},{"name":"Plenty Valley","address":"415 McDonalds Rd, Mill Park VIC 3082","postcode":3082,"size":1600,"state":"VIC","member_count":5,"member_ratio":320,"percentage":0},{"name":"Richmond","address":"101-103 Palmer Street Richmond VIC 3121","postcode":3121,"size":1830,"state":"VIC","member_count":2,"member_ratio":915,"percentage":0},{"name":"Springvale","address":"Shop T4 Ouson Plaza 754-768 Princes Highway Springvale VIC 3171","postcode":3171,"size":2100,"state":"VIC","member_count":9,"member_ratio":233.33333333333334,"percentage":0},{"name":"Beverley","address":"131 Grange Road, Beverley, SA 5009","postcode":5009,"size":1570,"state":"SA","member_count":8,"member_ratio":196.25,"percentage":0},{"name":"Blair Athol","address":"338 – 340 Main North Road, Blair Athol SA 5084","postcode":5084,"size":1530,"state":"SA","member_count":5,"member_ratio":306,"percentage":0},{"name":"Blakeview","address":"62 Main Terrace, Blakeview, SA 5114","postcode":5114,"size":1600,"state":"SA","member_count":8,"member_ratio":200,"percentage":0},{"name":"Glenelg","address":"Bayside Village Shopping Centre Level 1, Crn of Brighton Rd & Jetty Rd, Glenelg, SA 5045","postcode":5045,"size":2000,"state":"SA","member_count":5,"member_ratio":400,"percentage":0},{"name":"Happy Valley","address":"Shop 18 Valley Central Shopping Centre 50 Kenihans Rd, Happy Valley SA 5159","postcode":5159,"size":1020,"state":"SA","member_count":2,"member_ratio":510,"percentage":0},{"name":"Marion","address":"838 Marion Road, Marion, SA 5043","postcode":5043,"size":1500,"state":"SA","member_count":6,"member_ratio":250,"percentage":0},{"name":"Modbury","address":"Westfield Tea Tree Plus, 976 North East Road, Modbury SA 5092","postcode":5092,"size":1450,"state":"SA","member_count":2,"member_ratio":725,"percentage":0},{"name":"Parafield","address":"Tenancy 3, 12 Nobby Buckley Drive, Parafield SA 5106","postcode":5106,"size":2000,"state":"SA","member_count":7,"member_ratio":285.7142857142857,"percentage":0},{"name":"Salisbury Downs","address":"1-9 Hollywood Boulevard Salisbury Downs SA 5108","postcode":5108,"size":2000,"state":"SA","member_count":14,"member_ratio":142.85714285714286,"percentage":0},{"name":"Seaford Meadows","address":"Tenancy 3, 19-25 Seaford Rd, Seaford Meadows SA 5169","postcode":5169,"size":1500,"state":"SA","member_count":2,"member_ratio":750,"percentage":0},{"name":"Windsor Gardens","address":"3/424 North East Road, Windsor Gardens, SA 5087","postcode":5087,"size":3000,"state":"SA","member_count":9,"member_ratio":333.3333333333333,"percentage":0},{"name":"Woodcroft","address":"Shop 2, Woodcroft Town Centre, Cnr Bains & Panalatinga Rds, Morphett Vale SA 5162","postcode":5162,"size":1598,"state":"SA","member_count":3,"member_ratio":532.6666666666666,"percentage":0},{"name":"Woodville","address":"802-804 Port Road, Woodville South SA 5011","postcode":5011,"size":1100,"state":"SA","member_count":2,"member_ratio":550,"percentage":0},{"name":"Shellharbour","address":"Rooftop carpark off College Ave, Shop 3000 Stockland Shellharbour Shopping Centre, 211 Lake Entrance Rd, Shellharbour 2529","postcode":2529,"size":1000,"state":"NSW","member_count":1,"member_ratio":1000,"percentage":0}]